{
    "accuracy": 0.875,
    "precision": 0.8436123348017621,
    "recall": 0.982051282051282,
    "f1": 0.9075829383886256,
    "roc_auc": 0.9352180582949814
}