{
    "dataset": "ChestMNIST test subset",
    "image_size": 64,
    "threshold": 0.5,
    "sample_count": 484,
    "normal_count": 242,
    "pneumonia_count": 242,
    "accuracy": 0.5289256198347108,
    "balanced_accuracy": 0.5289256198347108,
    "precision": 0.5151515151515151,
    "recall": 0.9834710743801653,
    "specificity": 0.0743801652892562,
    "f1": 0.6761363636363636,
    "roc_auc": 0.6454306399836076,
    "confusion_matrix": [
        [
            18,
            224
        ],
        [
            4,
            238
        ]
    ],
    "pneumonia_label_index": 6,
    "selected_indices": [
        2640,
        18523,
        20437,
        3080,
        13218,
        5181,
        10828,
        11411,
        17521,
        20207,
        16791,
        16009,
        11523,
        14972,
        10239,
        10466,
        12624,
        160,
        12470,
        2856,
        3788,
        3707,
        13596,
        11489,
        2099,
        1094,
        13015,
        15906,
        5592,
        1994,
        20841,
        20491,
        17467,
        21948,
        17202,
        9798,
        13126,
        8976,
        17589,
        3753,
        21136,
        21167,
        3047,
        15959,
        20623,
        11563,
        1883,
        12843,
        16015,
        13740,
        2107,
        14067,
        13592,
        21023,
        2929,
        20247,
        18974,
        11141,
        15339,
        13231,
        4475,
        765,
        16231,
        3912,
        6397,
        1615,
        14016,
        16907,
        11803,
        12253,
        17723,
        4477,
        14436,
        10826,
        18725,
        21245,
        11859,
        10170,
        7280,
        17010,
        10645,
        18875,
        20238,
        14862,
        21001,
        17497,
        6623,
        5222,
        15189,
        4071,
        8397,
        9589,
        7270,
        16312,
        8116,
        11212,
        8137,
        22421,
        5155,
        13419,
        9239,
        3683,
        10591,
        9591,
        3131,
        1377,
        5902,
        5553,
        14212,
        15214,
        8529,
        17348,
        10255,
        18457,
        18994,
        21449,
        11435,
        7199,
        22420,
        18298,
        3007,
        16389,
        17254,
        13708,
        14280,
        13963,
        17274,
        12890,
        17768,
        7146,
        21747,
        5333,
        20026,
        17747,
        18708,
        18556,
        2208,
        15325,
        20541,
        8998,
        1151,
        2377,
        18493,
        2081,
        2260,
        19825,
        11684,
        20581,
        8306,
        136,
        1087,
        6316,
        9273,
        21111,
        12739,
        14315,
        5568,
        5084,
        5277,
        19752,
        4063,
        10996,
        972,
        11974,
        18933,
        17598,
        19455,
        16382,
        11256,
        21938,
        7106,
        18427,
        8781,
        17854,
        15186,
        11533,
        13221,
        9546,
        1190,
        18500,
        3904,
        4342,
        1236,
        15817,
        480,
        12080,
        2595,
        10156,
        3450,
        12910,
        6386,
        3507,
        3712,
        13401,
        20555,
        20419,
        3255,
        20615,
        6952,
        7145,
        18402,
        4298,
        3299,
        7998,
        13324,
        10634,
        1506,
        19661,
        2361,
        21443,
        18218,
        18787,
        16664,
        22261,
        5294,
        6014,
        5562,
        11908,
        10139,
        6147,
        19380,
        21528,
        14587,
        2564,
        9518,
        20754,
        8376,
        2673,
        9244,
        6528,
        13554,
        16864,
        19407,
        20916,
        13616,
        17110,
        11924,
        7495,
        5224,
        10375,
        17813,
        5627,
        7994,
        10092,
        14837,
        794,
        16959,
        12053,
        17154,
        10721,
        3550,
        21439,
        4878,
        15005,
        14795,
        10148,
        11362,
        11878,
        8252,
        2789,
        17691,
        5370,
        16467,
        3865,
        10624,
        21522,
        4315,
        6076,
        14131,
        2953,
        10102,
        9241,
        1502,
        12104,
        17634,
        10299,
        14877,
        4871,
        4721,
        7150,
        19014,
        17114,
        14734,
        11868,
        9605,
        21852,
        7577,
        4492,
        12810,
        20065,
        14381,
        14486,
        3627,
        7767,
        19804,
        3462,
        12457,
        14499,
        4445,
        12460,
        8918,
        3110,
        5522,
        21467,
        4758,
        21288,
        9625,
        879,
        9851,
        12256,
        6488,
        21596,
        14365,
        21064,
        15087,
        15771,
        11351,
        12437,
        11931,
        9371,
        10216,
        6564,
        2593,
        5038,
        7230,
        2691,
        21057,
        17415,
        13977,
        6558,
        5142,
        20671,
        3042,
        20451,
        5881,
        1469,
        7327,
        17569,
        793,
        1213,
        16037,
        18119,
        9189,
        8499,
        148,
        14447,
        10853,
        6968,
        6923,
        1005,
        18852,
        13825,
        4060,
        20277,
        13451,
        7705,
        226,
        13725,
        4677,
        4895,
        18676,
        9426,
        2727,
        9429,
        9261,
        7962,
        1107,
        17590,
        2299,
        11510,
        11726,
        21373,
        21004,
        16189,
        5883,
        22311,
        15291,
        10507,
        11383,
        3138,
        10428,
        6175,
        17729,
        14638,
        7847,
        11515,
        2947,
        15847,
        22343,
        10154,
        5825,
        10334,
        4123,
        4700,
        7304,
        7384,
        2337,
        774,
        20649,
        3248,
        17299,
        12353,
        17978,
        2192,
        21713,
        19956,
        13058,
        10167,
        10191,
        9617,
        21581,
        4275,
        21968,
        14869,
        10073,
        2207,
        18251,
        15574,
        4620,
        2532,
        16270,
        18814,
        157,
        22066,
        20525,
        269,
        4596,
        7201,
        13787,
        20405,
        9245,
        19897,
        15870,
        4529,
        22279,
        7874,
        9353,
        9838,
        19604,
        16116,
        19097,
        19277,
        11371,
        21847,
        4687,
        2125,
        1268,
        14074,
        8526,
        9124,
        7656,
        18217,
        2970,
        486,
        4983,
        20374,
        20743,
        6510,
        8631,
        10465,
        20322,
        18629,
        5387,
        3433,
        15128,
        10933,
        3523,
        2395,
        12942,
        2992,
        12775,
        6527,
        3700,
        9861,
        3601,
        924,
        16063,
        8660,
        15699,
        2316,
        12593,
        13409,
        2353,
        11891
    ]
}