{
    "model": "Fine-tuned ResNet18",
    "fine_tuned_layer": "layer4",
    "selection_rule": "Maximize validation specificity subject to pneumonia recall >= 0.95",
    "validation_best": {
        "threshold": 0.16499999999999998,
        "accuracy": 0.9656488549618321,
        "balanced_accuracy": 0.9696086832333619,
        "precision": 0.9920424403183024,
        "recall": 0.961439588688946,
        "specificity": 0.9777777777777777,
        "f1": 0.9765013054830287,
        "roc_auc": 0.9916785680281824,
        "confusion_matrix": [
            [
                132,
                3
            ],
            [
                15,
                374
            ]
        ]
    },
    "test_default": {
        "threshold": 0.5,
        "accuracy": 0.8974358974358975,
        "balanced_accuracy": 0.8871794871794871,
        "precision": 0.9095477386934674,
        "recall": 0.9282051282051282,
        "specificity": 0.8461538461538461,
        "f1": 0.9187817258883249,
        "roc_auc": 0.9640477755862372,
        "confusion_matrix": [
            [
                198,
                36
            ],
            [
                28,
                362
            ]
        ]
    },
    "test_optimized": {
        "threshold": 0.16499999999999998,
        "accuracy": 0.9022435897435898,
        "balanced_accuracy": 0.8756410256410256,
        "precision": 0.8764302059496567,
        "recall": 0.982051282051282,
        "specificity": 0.7692307692307693,
        "f1": 0.9262394195888755,
        "roc_auc": 0.9640477755862372,
        "confusion_matrix": [
            [
                180,
                54
            ],
            [
                7,
                383
            ]
        ]
    }
}