{
    "model": "Fine-tuned ResNet18",
    "fine_tuned_layer": "layer4",
    "selection_rule": "Maximize validation specificity subject to pneumonia recall >= 0.95",
    "validation_best": {
        "threshold": 0.20499999999999996,
        "accuracy": 0.9847328244274809,
        "balanced_accuracy": 0.9824621536703799,
        "precision": 0.9922480620155039,
        "recall": 0.987146529562982,
        "specificity": 0.9777777777777777,
        "f1": 0.9896907216494846,
        "roc_auc": 0.9974293059125964,
        "confusion_matrix": [
            [
                132,
                3
            ],
            [
                5,
                384
            ]
        ]
    },
    "test_default": {
        "threshold": 0.5,
        "accuracy": 0.9567307692307693,
        "balanced_accuracy": 0.944017094017094,
        "precision": 0.9394673123486683,
        "recall": 0.9948717948717949,
        "specificity": 0.8931623931623932,
        "f1": 0.9663760896637609,
        "roc_auc": 0.9890751698444006,
        "confusion_matrix": [
            [
                209,
                25
            ],
            [
                2,
                388
            ]
        ]
    },
    "test_optimized": {
        "threshold": 0.20499999999999996,
        "accuracy": 0.9246794871794872,
        "balanced_accuracy": 0.9012820512820513,
        "precision": 0.8960739030023095,
        "recall": 0.9948717948717949,
        "specificity": 0.8076923076923077,
        "f1": 0.9428918590522479,
        "roc_auc": 0.9890751698444006,
        "confusion_matrix": [
            [
                189,
                45
            ],
            [
                2,
                388
            ]
        ]
    }
}